{
  "framework_name": "Airship.framework",
  "static_framework": false,
  "resources": [
    "${PODS_ROOT}/Airship/Airship/AirshipAutomation/Resources/UAAutomationActions.plist",
    "${PODS_ROOT}/Airship/Airship/AirshipAutomation/Resources/UAInAppMessageBannerContentView.xib",
    "${PODS_ROOT}/Airship/Airship/AirshipAutomation/Resources/UAInAppMessageBannerView.xib",
    "${PODS_ROOT}/Airship/Airship/AirshipAutomation/Resources/UAInAppMessageButtonView.xib",
    "${PODS_ROOT}/Airship/Airship/AirshipAutomation/Resources/UAInAppMessageFullScreenViewController.xib",
    "${PODS_ROOT}/Airship/Airship/AirshipAutomation/Resources/UAInAppMessageHTMLViewController.xib",
    "${PODS_ROOT}/Airship/Airship/AirshipAutomation/Resources/UAInAppMessageModalViewController.xib",
    "${PODS_ROOT}/Airship/Airship/AirshipAutomation/Resources/UAInAppMessageResizableViewController.xib",
    "${PODS_ROOT}/Airship/Airship/AirshipAutomation/Resources/UAAutomation.xcdatamodeld",
    "${PODS_ROOT}/Airship/Airship/AirshipCore/Resources/common/ar.lproj",
    "${PODS_ROOT}/Airship/Airship/AirshipCore/Resources/common/cs.lproj",
    "${PODS_ROOT}/Airship/Airship/AirshipCore/Resources/common/da.lproj",
    "${PODS_ROOT}/Airship/Airship/AirshipCore/Resources/common/de.lproj",
    "${PODS_ROOT}/Airship/Airship/AirshipCore/Resources/common/en.lproj",
    "${PODS_ROOT}/Airship/Airship/AirshipCore/Resources/common/es-419.lproj",
    "${PODS_ROOT}/Airship/Airship/AirshipCore/Resources/common/es.lproj",
    "${PODS_ROOT}/Airship/Airship/AirshipCore/Resources/common/fi.lproj",
    "${PODS_ROOT}/Airship/Airship/AirshipCore/Resources/common/fr.lproj",
    "${PODS_ROOT}/Airship/Airship/AirshipCore/Resources/common/hi.lproj",
    "${PODS_ROOT}/Airship/Airship/AirshipCore/Resources/common/hu.lproj",
    "${PODS_ROOT}/Airship/Airship/AirshipCore/Resources/common/id.lproj",
    "${PODS_ROOT}/Airship/Airship/AirshipCore/Resources/common/it.lproj",
    "${PODS_ROOT}/Airship/Airship/AirshipCore/Resources/common/iw.lproj",
    "${PODS_ROOT}/Airship/Airship/AirshipCore/Resources/common/ja.lproj",
    "${PODS_ROOT}/Airship/Airship/AirshipCore/Resources/common/ko.lproj",
    "${PODS_ROOT}/Airship/Airship/AirshipCore/Resources/common/ms.lproj",
    "${PODS_ROOT}/Airship/Airship/AirshipCore/Resources/common/nl.lproj",
    "${PODS_ROOT}/Airship/Airship/AirshipCore/Resources/common/no.lproj",
    "${PODS_ROOT}/Airship/Airship/AirshipCore/Resources/common/pl.lproj",
    "${PODS_ROOT}/Airship/Airship/AirshipCore/Resources/common/pt-PT.lproj",
    "${PODS_ROOT}/Airship/Airship/AirshipCore/Resources/common/pt.lproj",
    "${PODS_ROOT}/Airship/Airship/AirshipCore/Resources/common/ro.lproj",
    "${PODS_ROOT}/Airship/Airship/AirshipCore/Resources/common/ru.lproj",
    "${PODS_ROOT}/Airship/Airship/AirshipCore/Resources/common/sk.lproj",
    "${PODS_ROOT}/Airship/Airship/AirshipCore/Resources/common/sv.lproj",
    "${PODS_ROOT}/Airship/Airship/AirshipCore/Resources/common/th.lproj",
    "${PODS_ROOT}/Airship/Airship/AirshipCore/Resources/common/tr.lproj",
    "${PODS_ROOT}/Airship/Airship/AirshipCore/Resources/common/UAEvents.xcdatamodeld",
    "${PODS_ROOT}/Airship/Airship/AirshipCore/Resources/common/UARemoteData.xcdatamodeld",
    "${PODS_ROOT}/Airship/Airship/AirshipCore/Resources/common/vi.lproj",
    "${PODS_ROOT}/Airship/Airship/AirshipCore/Resources/common/zh-Hans.lproj",
    "${PODS_ROOT}/Airship/Airship/AirshipCore/Resources/common/zh-Hant.lproj",
    "${PODS_ROOT}/Airship/Airship/AirshipCore/Resources/ios/UADefaultActions.plist",
    "${PODS_ROOT}/Airship/Airship/AirshipCore/Resources/ios/UANativeBridge",
    "${PODS_ROOT}/Airship/Airship/AirshipCore/Resources/ios/UANotificationCategories.plist",
    "${PODS_ROOT}/Airship/Airship/AirshipExtendedActions/Resources/UAExtendedActions.plist",
    "${PODS_ROOT}/Airship/Airship/AirshipExtendedActions/Resources/UARateAppPromptView.xib",
    "${PODS_ROOT}/Airship/Airship/AirshipMessageCenter/Resources/UADefaultMessageCenterListViewController.xib",
    "${PODS_ROOT}/Airship/Airship/AirshipMessageCenter/Resources/UADefaultMessageCenterMessageViewController.xib",
    "${PODS_ROOT}/Airship/Airship/AirshipMessageCenter/Resources/UAMessageCenterActions.plist",
    "${PODS_ROOT}/Airship/Airship/AirshipMessageCenter/Resources/UAMessageCenterListCell.xib",
    "${PODS_ROOT}/Airship/Airship/AirshipMessageCenter/Resources/UAMessageCenterListViewController.xib",
    "${PODS_ROOT}/Airship/Airship/AirshipMessageCenter/Resources/UAMessageCenterMessageViewController.xib",
    "${PODS_ROOT}/Airship/Airship/AirshipMessageCenter/Resources/UAMessageCenterPlaceholderIcon.png",
    "${PODS_ROOT}/Airship/Airship/AirshipMessageCenter/Resources/UAInbox.xcdatamodeld"
  ],
  "resource_bundles": [

  ],
  "build_settings": {
    "BUILD_LIBRARY_FOR_DISTRIBUTION": "YES",
    "CLANG_ENABLE_OBJC_WEAK": "NO",
    "CODE_SIGN_IDENTITY": "",
    "CODE_SIGN_IDENTITY[sdk=appletvos*]": "",
    "CODE_SIGN_IDENTITY[sdk=iphoneos*]": "",
    "CODE_SIGN_IDENTITY[sdk=watchos*]": "",
    "CURRENT_PROJECT_VERSION": "1",
    "DEFINES_MODULE": "YES",
    "DYLIB_COMPATIBILITY_VERSION": "1",
    "DYLIB_CURRENT_VERSION": "1",
    "DYLIB_INSTALL_NAME_BASE": "@rpath",
    "GCC_PREFIX_HEADER": "Target Support Files/Airship/Airship-prefix.pch",
    "INFOPLIST_FILE": "Target Support Files/Airship/Airship-Info.plist",
    "INSTALL_PATH": "$(LOCAL_LIBRARY_DIR)/Frameworks",
    "IPHONEOS_DEPLOYMENT_TARGET": "11.0",
    "LD_RUNPATH_SEARCH_PATHS": [
      "$(inherited)",
      "@executable_path/Frameworks",
      "@loader_path/Frameworks"
    ],
    "MODULEMAP_FILE": "Target Support Files/Airship/Airship.modulemap",
    "PRODUCT_MODULE_NAME": "Airship",
    "PRODUCT_NAME": "Airship",
    "SDKROOT": "iphoneos",
    "SKIP_INSTALL": "YES",
    "SWIFT_ACTIVE_COMPILATION_CONDITIONS": "$(inherited) ",
    "SWIFT_VERSION": "5.0",
    "TARGETED_DEVICE_FAMILY": "1,2",
    "VERSIONING_SYSTEM": "apple-generic",
    "VERSION_INFO_PREFIX": ""
  }
}